algo,pat,tim,gen,lgen
array4,bp4kx4k,0.101904,2,2
array4,bp4kx4k,0.263373,6,3
array4,bp4kx4k,0.589962,14,4
array4,bp4kx4k,1.23942,30,5
array4,bp4kx4k,2.55446,62,6
array4,bp4kx4k,5.21206,126,7
array4,bp4kx4k,10.6458,254,8
array4,bp4kx4k,22.2322,510,9
array4,bp4kx4k,45.8269,1022,10
array4,bp4kx4k,93.9629,2046,11
array4,bp4kx4k,190.316,4094,12
array4,lidka,0.0946519,2,2
array4,lidka,0.244477,6,3
array4,lidka,0.544515,14,4
array4,lidka,1.14936,30,5
array4,lidka,2.35813,62,6
array4,lidka,4.82615,126,7
array4,lidka,9.72232,254,8
array4,lidka,19.4428,510,9
array4,lidka,38.7327,1022,10
array4,lidka,77.5317,2046,11
array4,lidka,157.717,4094,12
array4,r4kx4k,0.240368,2,2
array4,r4kx4k,0.638175,6,3
array4,r4kx4k,1.34054,14,4
array4,r4kx4k,2.54325,30,5
array4,r4kx4k,4.66246,62,6
array4,r4kx4k,8.49448,126,7
array4,r4kx4k,15.4704,254,8
array4,r4kx4k,28.476,510,9
array4,r4kx4k,52.8488,1022,10
array4,r4kx4k,99.4436,2046,11
array4,r4kx4k,189.631,4094,12
avx23,bp4kx4k,0.00207686,2,2
avx23,bp4kx4k,0.0037148,6,3
avx23,bp4kx4k,0.00690293,14,4
avx23,bp4kx4k,0.013319,30,5
avx23,bp4kx4k,0.0257452,62,6
avx23,bp4kx4k,0.0525541,126,7
avx23,bp4kx4k,0.103125,254,8
avx23,bp4kx4k,0.200969,510,9
avx23,bp4kx4k,0.418859,1022,10
avx23,bp4kx4k,0.827453,2046,11
avx23,bp4kx4k,1.65999,4094,12
avx23,bp4kx4k,3.30349,8190,13
avx23,bp4kx4k,6.56435,16382,14
avx23,bp4kx4k,12.9731,32766,15
avx23,bp4kx4k,25.6581,65534,16
avx23,bp4kx4k,51.2944,131070,17
avx23,bp4kx4k,101.786,262142,18
avx23,bp4kx4k,210.066,524286,19
avx23,lidka,0.00253391,2,2
avx23,lidka,0.00448799,6,3
avx23,lidka,0.00804114,14,4
avx23,lidka,0.01511,30,5
avx23,lidka,0.028445,62,6
avx23,lidka,0.0549731,126,7
avx23,lidka,0.108112,254,8
avx23,lidka,0.215579,510,9
avx23,lidka,0.436395,1022,10
avx23,lidka,0.875028,2046,11
avx23,lidka,1.75071,4094,12
avx23,lidka,3.47569,8190,13
avx23,lidka,6.93458,16382,14
avx23,lidka,13.9492,32766,15
avx23,lidka,27.8963,65534,16
avx23,lidka,56.9719,131070,17
avx23,lidka,114.08,262142,18
avx23,lidka,228.062,524286,19
avx23,r4kx4k,0.00211215,2,2
avx23,r4kx4k,0.00376606,6,3
avx23,r4kx4k,0.006845,14,4
avx23,r4kx4k,0.013026,30,5
avx23,r4kx4k,0.0253191,62,6
avx23,r4kx4k,0.049228,126,7
avx23,r4kx4k,0.096607,254,8
avx23,r4kx4k,0.193372,510,9
avx23,r4kx4k,0.384846,1022,10
avx23,r4kx4k,0.781955,2046,11
avx23,r4kx4k,1.57065,4094,12
avx23,r4kx4k,3.14432,8190,13
avx23,r4kx4k,6.37206,16382,14
avx23,r4kx4k,12.7316,32766,15
avx23,r4kx4k,25.4888,65534,16
avx23,r4kx4k,51.2662,131070,17
avx23,r4kx4k,102.954,262142,18
avx23,r4kx4k,204.266,524286,19
bitpar3,bp4kx4k,0.00348306,2,2
bitpar3,bp4kx4k,0.00833011,6,3
bitpar3,bp4kx4k,0.018142,14,4
bitpar3,bp4kx4k,0.036474,30,5
bitpar3,bp4kx4k,0.074559,62,6
bitpar3,bp4kx4k,0.14784,126,7
bitpar3,bp4kx4k,0.294278,254,8
bitpar3,bp4kx4k,0.593693,510,9
bitpar3,bp4kx4k,1.19307,1022,10
bitpar3,bp4kx4k,2.37946,2046,11
bitpar3,bp4kx4k,4.80957,4094,12
bitpar3,bp4kx4k,9.80551,8190,13
bitpar3,bp4kx4k,19.5375,16382,14
bitpar3,bp4kx4k,39.1603,32766,15
bitpar3,bp4kx4k,78.0177,65534,16
bitpar3,bp4kx4k,155.072,131070,17
bitpar3,lidka,0.00352502,2,2
bitpar3,lidka,0.008425,6,3
bitpar3,lidka,0.0176189,14,4
bitpar3,lidka,0.038311,30,5
bitpar3,lidka,0.0775499,62,6
bitpar3,lidka,0.152137,126,7
bitpar3,lidka,0.299871,254,8
bitpar3,lidka,0.600935,510,9
bitpar3,lidka,1.20264,1022,10
bitpar3,lidka,2.40347,2046,11
bitpar3,lidka,4.79483,4094,12
bitpar3,lidka,9.62149,8190,13
bitpar3,lidka,19.2584,16382,14
bitpar3,lidka,38.7617,32766,15
bitpar3,lidka,77.0856,65534,16
bitpar3,lidka,153.869,131070,17
bitpar3,r4kx4k,0.00347996,2,2
bitpar3,r4kx4k,0.00804687,6,3
bitpar3,r4kx4k,0.0171559,14,4
bitpar3,r4kx4k,0.0355,30,5
bitpar3,r4kx4k,0.0718019,62,6
bitpar3,r4kx4k,0.144996,126,7
bitpar3,r4kx4k,0.29151,254,8
bitpar3,r4kx4k,0.583118,510,9
bitpar3,r4kx4k,1.18068,1022,10
bitpar3,r4kx4k,2.37742,2046,11
bitpar3,r4kx4k,4.76271,4094,12
bitpar3,r4kx4k,9.59309,8190,13
bitpar3,r4kx4k,19.0734,16382,14
bitpar3,r4kx4k,38.0683,32766,15
bitpar3,r4kx4k,76.3885,65534,16
bitpar3,r4kx4k,153.165,131070,17
hlife,QGC1,0.011847,2,2
hlife,QGC1,0.0198779,6,3
hlife,QGC1,0.0284009,14,4
hlife,QGC1,0.041214,30,5
hlife,QGC1,0.071707,62,6
hlife,QGC1,0.126353,126,7
hlife,QGC1,0.201778,254,8
hlife,QGC1,0.364675,510,9
hlife,QGC1,0.67061,1022,10
hlife,QGC1,1.14436,2046,11
hlife,QGC1,2.13073,4094,12
hlife,QGC1,3.89906,8190,13
hlife,QGC1,7.46161,16382,14
hlife,QGC1,14.7224,32766,15
hlife,QGC1,28.1614,65534,16
hlife,QGC1,57.239,131070,17
hlife,QGC1,117.431,262142,18
hlife,QGC1,241.896,524286,19
hlife,bp4kx4k,0.011075,2,2
hlife,bp4kx4k,0.0164468,6,3
hlife,bp4kx4k,0.0220349,14,4
hlife,bp4kx4k,0.027972,30,5
hlife,bp4kx4k,0.0345368,62,6
hlife,bp4kx4k,0.045789,126,7
hlife,bp4kx4k,0.054203,254,8
hlife,bp4kx4k,0.063616,510,9
hlife,bp4kx4k,0.07303,1022,10
hlife,bp4kx4k,0.082514,2046,11
hlife,bp4kx4k,0.092026,4094,12
hlife,bp4kx4k,0.0923719,8190,13
hlife,bp4kx4k,0.0926709,16382,14
hlife,bp4kx4k,0.0929689,32766,15
hlife,bp4kx4k,0.093267,65534,16
hlife,bp4kx4k,0.093565,131070,17
hlife,bp4kx4k,0.093863,262142,18
hlife,bp4kx4k,0.0941598,524286,19
hlife,bp4kx4k,0.0944588,1048574,20
hlife,bp4kx4k,0.0947559,2097150,21
hlife,bp4kx4k,0.0950539,4194302,22
hlife,bp4kx4k,0.0953519,8388606,23
hlife,bp4kx4k,0.0956509,16777214,24
hlife,bp4kx4k,0.0959489,33554430,25
hlife,bp4kx4k,0.0962479,67108862,26
hlife,bp4kx4k,0.0965478,134217726,27
hlife,bp4kx4k,0.0968468,268435454,28
hlife,bp4kx4k,0.097172,536870910,29
hlife,bp4kx4k,0.0974729,1073741822,30
hlife,breeder,0.000607014,2,2
hlife,breeder,0.00103998,6,3
hlife,breeder,0.00180507,14,4
hlife,breeder,0.00280309,30,5
hlife,breeder,0.00493598,62,6
hlife,breeder,0.00806594,126,7
hlife,breeder,0.0102329,254,8
hlife,breeder,0.0123761,510,9
hlife,breeder,0.0145791,1022,10
hlife,breeder,0.0167799,2046,11
hlife,breeder,0.0169151,4094,12
hlife,breeder,0.017081,8190,13
hlife,breeder,0.017257,16382,14
hlife,breeder,0.0175841,32766,15
hlife,breeder,0.0178058,65534,16
hlife,breeder,0.0179648,131070,17
hlife,breeder,0.0181599,262142,18
hlife,breeder,0.018333,524286,19
hlife,breeder,0.0185409,1048574,20
hlife,breeder,0.018729,2097150,21
hlife,breeder,0.0189569,4194302,22
hlife,breeder,0.0191569,8388606,23
hlife,breeder,0.019403,16777214,24
hlife,breeder,0.0196178,33554430,25
hlife,breeder,0.0198679,67108862,26
hlife,breeder,0.020098,134217726,27
hlife,breeder,0.0203619,268435454,28
hlife,breeder,0.0206079,536870910,29
hlife,breeder,0.020885,1073741822,30
hlife,caterpillar,1.02456,2,2
hlife,caterpillar,1.67191,6,3
hlife,caterpillar,2.34716,14,4
hlife,caterpillar,3.36068,30,5
hlife,caterpillar,4.57333,62,6
hlife,caterpillar,6.81385,126,7
hlife,caterpillar,10.3876,254,8
hlife,caterpillar,15.6722,510,9
hlife,caterpillar,25.6536,1022,10
hlife,caterpillar,39.5815,2046,11
hlife,caterpillar,60.6422,4094,12
hlife,caterpillar,85.5593,8190,13
hlife,caterpillar,114.391,16382,14
hlife,caterpillar,146.083,32766,15
hlife,jagged,0.000140905,2,2
hlife,jagged,0.000249863,6,3
hlife,jagged,0.000417948,14,4
hlife,jagged,0.000715971,30,5
hlife,jagged,0.00114202,62,6
hlife,jagged,0.00205898,126,7
hlife,jagged,0.00299096,254,8
hlife,jagged,0.00408888,510,9
hlife,jagged,0.00504088,1022,10
hlife,jagged,0.00613499,2046,11
hlife,jagged,0.00939107,4094,12
hlife,jagged,0.012912,8190,13
hlife,jagged,0.020875,16382,14
hlife,jagged,0.033911,32766,15
hlife,jagged,0.0526209,65534,16
hlife,jagged,0.099905,131070,17
hlife,jagged,0.163267,262142,18
hlife,jagged,0.312001,524286,19
hlife,jagged,0.633028,1048574,20
hlife,jagged,1.17404,2097150,21
hlife,jagged,2.34282,4194302,22
hlife,jagged,3.84139,8388606,23
hlife,jagged,7.81661,16777214,24
hlife,jagged,15.5017,33554430,25
hlife,jagged,31.4862,67108862,26
hlife,jagged,60.698,134217726,27
hlife,jagged,127.21,268435454,28
hlife,lidka,7.41482e-05,2,2
hlife,lidka,9.41753e-05,6,3
hlife,lidka,0.000113964,14,4
hlife,lidka,0.00014019,30,5
hlife,lidka,0.000215054,62,6
hlife,lidka,0.000487089,126,7
hlife,lidka,0.00125098,254,8
hlife,lidka,0.00296807,510,9
hlife,lidka,0.00631809,1022,10
hlife,lidka,0.020221,2046,11
hlife,lidka,0.0462949,4094,12
hlife,lidka,0.0796239,8190,13
hlife,lidka,0.156765,16382,14
hlife,lidka,0.319414,32766,15
hlife,lidka,0.319611,65534,16
hlife,lidka,0.319729,131070,17
hlife,lidka,0.319836,262142,18
hlife,lidka,0.319936,524286,19
hlife,lidka,0.320036,1048574,20
hlife,lidka,0.320135,2097150,21
hlife,lidka,0.320243,4194302,22
hlife,lidka,0.320342,8388606,23
hlife,lidka,0.32045,16777214,24
hlife,lidka,0.320541,33554430,25
hlife,lidka,0.320635,67108862,26
hlife,lidka,0.320729,134217726,27
hlife,lidka,0.320823,268435454,28
hlife,lidka,0.320926,536870910,29
hlife,lidka,0.321022,1073741822,30
hlife,mcc,0.000102043,2,2
hlife,mcc,0.000165939,6,3
hlife,mcc,0.000293016,14,4
hlife,mcc,0.000510931,30,5
hlife,mcc,0.000962973,62,6
hlife,mcc,0.00203896,126,7
hlife,mcc,0.00450206,254,8
hlife,mcc,0.0143809,510,9
hlife,mcc,0.038044,1022,10
hlife,mcc,0.0895889,2046,11
hlife,mcc,0.120815,4094,12
hlife,mcc,0.137472,8190,13
hlife,mcc,0.154525,16382,14
hlife,mcc,0.17223,32766,15
hlife,mcc,0.190182,65534,16
hlife,mcc,0.214938,131070,17
hlife,mcc,0.228723,262142,18
hlife,mcc,0.368526,524286,19
hlife,mcc,0.55969,1048574,20
hlife,mcc,0.578571,2097150,21
hlife,mcc,0.593693,4194302,22
hlife,mcc,0.610675,8388606,23
hlife,mcc,0.634235,16777214,24
hlife,mcc,0.666307,33554430,25
hlife,mcc,0.708453,67108862,26
hlife,mcc,1.02319,134217726,27
hlife,mcc,1.11482,268435454,28
hlife,mcc,1.28346,536870910,29
hlife,mcc,1.50496,1073741822,30
hlife,r4kx4k,0.64799,2,2
hlife,r4kx4k,1.40881,6,3
hlife,r4kx4k,2.24187,14,4
hlife,r4kx4k,4.03968,30,5
hlife,r4kx4k,6.57677,62,6
hlife,r4kx4k,11.6056,126,7
hlife,r4kx4k,18.0245,254,8
hlife,r4kx4k,28.1485,510,9
hlife,r4kx4k,40.2934,1022,10
hlife,r4kx4k,53.533,2046,11
hlife,r4kx4k,63.9102,4094,12
hlife,r4kx4k,68.2859,8190,13
hlife,r4kx4k,68.8156,16382,14
hlife,r4kx4k,68.8334,32766,15
hlife,r4kx4k,68.8496,65534,16
hlife,r4kx4k,68.8652,131070,17
hlife,r4kx4k,68.881,262142,18
hlife,r4kx4k,68.8964,524286,19
hlife,r4kx4k,68.912,1048574,20
hlife,r4kx4k,68.9275,2097150,21
hlife,r4kx4k,68.943,4194302,22
hlife,r4kx4k,68.9586,8388606,23
hlife,r4kx4k,68.9738,16777214,24
hlife,r4kx4k,68.9891,33554430,25
hlife,r4kx4k,69.0047,67108862,26
hlife,r4kx4k,69.0203,134217726,27
hlife,r4kx4k,69.036,268435454,28
hlife,r4kx4k,69.0516,536870910,29
hlife,r4kx4k,69.067,1073741822,30
hlife,spiral,0.00360012,2,2
hlife,spiral,0.00639915,6,3
hlife,spiral,0.00935411,14,4
hlife,spiral,0.0151532,30,5
hlife,spiral,0.024328,62,6
hlife,spiral,0.0353391,126,7
hlife,spiral,0.0631599,254,8
hlife,spiral,0.115288,510,9
hlife,spiral,0.198496,1022,10
hlife,spiral,0.369992,2046,11
hlife,spiral,0.719979,4094,12
hlife,spiral,1.34823,8190,13
hlife,spiral,2.35859,16382,14
hlife,spiral,4.39753,32766,15
hlife,spiral,8.55922,65534,16
hlife,spiral,16.7838,131070,17
hlife,spiral,33.6566,262142,18
hlife,spiral,68.5811,524286,19
hlife,spiral,97.7851,1048574,20
hlife,spiral,104.881,2097150,21
hlife,spiral,113.39,4194302,22
hlife,spiral,122.03,8388606,23
hlife,unlim,7.31945e-05,2,2
hlife,unlim,0.000105143,6,3
hlife,unlim,0.00014019,14,4
hlife,unlim,0.000189066,30,5
hlife,unlim,0.000329018,62,6
hlife,unlim,0.000751019,126,7
hlife,unlim,0.00184703,254,8
hlife,unlim,0.0077951,510,9
hlife,unlim,0.0254259,1022,10
hlife,unlim,0.0809989,2046,11
hlife,unlim,0.105724,4094,12
hlife,unlim,0.331693,8190,13
hlife,unlim,0.501278,16382,14
hlife,unlim,0.938239,32766,15
hlife,unlim,1.70676,65534,16
hlife,unlim,2.97422,131070,17
hlife,unlim,5.28089,262142,18
hlife,unlim,9.36242,524286,19
hlife,unlim,16.3846,1048574,20
hlife,unlim,26.0594,2097150,21
hlife,unlim,42.6453,4194302,22
hlife,unlim,62.1488,8388606,23
hlife,unlim,101.43,16777214,24
hlife,unlim,150.449,33554430,25
lifelib,QGC1,0.015897,2,2
lifelib,QGC1,0.030916,6,3
lifelib,QGC1,0.055161,14,4
lifelib,QGC1,0.0770149,30,5
lifelib,QGC1,0.111049,62,6
lifelib,QGC1,0.169823,126,7
lifelib,QGC1,0.292816,254,8
lifelib,QGC1,0.476581,510,9
lifelib,QGC1,0.855074,1022,10
lifelib,QGC1,1.80245,2046,11
lifelib,QGC1,3.1738,4094,12
lifelib,QGC1,6.42691,8190,13
lifelib,QGC1,12.6913,16382,14
lifelib,QGC1,25.5724,32766,15
lifelib,QGC1,54.5226,65534,16
lifelib,QGC1,105.515,131070,17
lifelib,QGC1,218.76,262142,18
lifelib,bp4kx4k,0.00480509,2,2
lifelib,bp4kx4k,0.00944018,6,3
lifelib,bp4kx4k,0.0135682,14,4
lifelib,bp4kx4k,0.0174971,30,5
lifelib,bp4kx4k,0.021529,62,6
lifelib,bp4kx4k,0.0264571,126,7
lifelib,bp4kx4k,0.0300522,254,8
lifelib,bp4kx4k,0.0318131,510,9
lifelib,bp4kx4k,0.032367,1022,10
lifelib,bp4kx4k,0.0325201,2046,11
lifelib,bp4kx4k,0.0325742,4094,12
lifelib,bp4kx4k,0.0326021,8190,13
lifelib,bp4kx4k,0.0326262,16382,14
lifelib,bp4kx4k,0.032649,32766,15
lifelib,bp4kx4k,0.032671,65534,16
lifelib,bp4kx4k,0.0326931,131070,17
lifelib,bp4kx4k,0.0327151,262142,18
lifelib,bp4kx4k,0.032737,524286,19
lifelib,bp4kx4k,0.0327601,1048574,20
lifelib,bp4kx4k,0.032783,2097150,21
lifelib,bp4kx4k,0.0328062,4194302,22
lifelib,bp4kx4k,0.032829,8388606,23
lifelib,bp4kx4k,0.0328531,16777214,24
lifelib,bp4kx4k,0.032877,33554430,25
lifelib,bp4kx4k,0.032901,67108862,26
lifelib,bp4kx4k,0.0329251,134217726,27
lifelib,bp4kx4k,0.032949,268435454,28
lifelib,bp4kx4k,0.0329731,536870910,29
lifelib,bp4kx4k,0.0329981,1073741822,30
lifelib,breeder,0.000333071,2,2
lifelib,breeder,0.000602007,6,3
lifelib,breeder,0.00089407,14,4
lifelib,breeder,0.00122309,30,5
lifelib,breeder,0.00187993,62,6
lifelib,breeder,0.00214195,126,7
lifelib,breeder,0.00231409,254,8
lifelib,breeder,0.00250602,510,9
lifelib,breeder,0.00268412,1022,10
lifelib,breeder,0.00285101,2046,11
lifelib,breeder,0.00302911,4094,12
lifelib,breeder,0.003232,8190,13
lifelib,breeder,0.00343204,16382,14
lifelib,breeder,0.00362396,32766,15
lifelib,breeder,0.00381112,65534,16
lifelib,breeder,0.00399494,131070,17
lifelib,breeder,0.00417805,262142,18
lifelib,breeder,0.00436115,524286,19
lifelib,breeder,0.00454307,1048574,20
lifelib,breeder,0.00472403,2097150,21
lifelib,breeder,0.00490999,4194302,22
lifelib,breeder,0.00509095,8388606,23
lifelib,breeder,0.00527096,16777214,24
lifelib,breeder,0.00545001,33554430,25
lifelib,breeder,0.00562811,67108862,26
lifelib,breeder,0.00580597,134217726,27
lifelib,breeder,0.00598407,268435454,28
lifelib,breeder,0.00616217,536870910,29
lifelib,breeder,0.00633907,1073741822,30
lifelib,caterpillar,0.789996,2,2
lifelib,caterpillar,1.73216,6,3
lifelib,caterpillar,2.65509,14,4
lifelib,caterpillar,3.44812,30,5
lifelib,caterpillar,4.63648,62,6
lifelib,caterpillar,6.62281,126,7
lifelib,caterpillar,9.77961,254,8
lifelib,caterpillar,14.6962,510,9
lifelib,caterpillar,26.1531,1022,10
lifelib,caterpillar,36.1958,2046,11
lifelib,caterpillar,46.8896,4094,12
lifelib,caterpillar,57.5359,8190,13
lifelib,caterpillar,62.5846,16382,14
lifelib,caterpillar,64.9815,32766,15
lifelib,caterpillar,66.473,65534,16
lifelib,caterpillar,66.8498,131070,17
lifelib,caterpillar,66.9812,262142,18
lifelib,caterpillar,67.0254,524286,19
lifelib,caterpillar,67.0458,1048574,20
lifelib,caterpillar,67.0605,2097150,21
lifelib,caterpillar,67.072,4194302,22
lifelib,caterpillar,67.0817,8388606,23
lifelib,caterpillar,67.0906,16777214,24
lifelib,caterpillar,67.0989,33554430,25
lifelib,caterpillar,67.1064,67108862,26
lifelib,caterpillar,67.1138,134217726,27
lifelib,caterpillar,67.1213,268435454,28
lifelib,caterpillar,67.1286,536870910,29
lifelib,caterpillar,67.1352,1073741822,30
lifelib,jagged,0.000128031,2,2
lifelib,jagged,0.00018096,6,3
lifelib,jagged,0.000236988,14,4
lifelib,jagged,0.000298023,30,5
lifelib,jagged,0.000393867,62,6
lifelib,jagged,0.000582933,126,7
lifelib,jagged,0.000928879,254,8
lifelib,jagged,0.00146508,510,9
lifelib,jagged,0.00258398,1022,10
lifelib,jagged,0.00496292,2046,11
lifelib,jagged,0.00857091,4094,12
lifelib,jagged,0.016439,8190,13
lifelib,jagged,0.028281,16382,14
lifelib,jagged,0.0462379,32766,15
lifelib,jagged,0.079823,65534,16
lifelib,jagged,0.132586,131070,17
lifelib,jagged,0.262223,262142,18
lifelib,jagged,0.460626,524286,19
lifelib,jagged,0.915903,1048574,20
lifelib,jagged,1.60606,2097150,21
lifelib,jagged,3.33268,4194302,22
lifelib,jagged,5.69103,8388606,23
lifelib,jagged,11.3901,16777214,24
lifelib,jagged,21.1293,33554430,25
lifelib,jagged,43.0578,67108862,26
lifelib,jagged,77.0008,134217726,27
lifelib,jagged,158.656,268435454,28
lifelib,lidka,9.48906e-05,2,2
lifelib,lidka,0.000115871,6,3
lifelib,lidka,0.000132084,14,4
lifelib,lidka,0.000149012,30,5
lifelib,lidka,0.000176907,62,6
lifelib,lidka,0.000238895,126,7
lifelib,lidka,0.000391006,254,8
lifelib,lidka,0.000757933,510,9
lifelib,lidka,0.00165486,1022,10
lifelib,lidka,0.00451016,2046,11
lifelib,lidka,0.00958419,4094,12
lifelib,lidka,0.017169,8190,13
lifelib,lidka,0.0350111,16382,14
lifelib,lidka,0.0756512,32766,15
lifelib,lidka,0.0758591,65534,16
lifelib,lidka,0.075974,131070,17
lifelib,lidka,0.0760691,262142,18
lifelib,lidka,0.076153,524286,19
lifelib,lidka,0.0762351,1048574,20
lifelib,lidka,0.0763152,2097150,21
lifelib,lidka,0.076395,4194302,22
lifelib,lidka,0.076473,8388606,23
lifelib,lidka,0.0765522,16777214,24
lifelib,lidka,0.0766301,33554430,25
lifelib,lidka,0.0767071,67108862,26
lifelib,lidka,0.0767841,134217726,27
lifelib,lidka,0.0768621,268435454,28
lifelib,lidka,0.0769391,536870910,29
lifelib,lidka,0.0770171,1073741822,30
lifelib,mcc,0.000174999,2,2
lifelib,mcc,0.000272989,6,3
lifelib,mcc,0.000368118,14,4
lifelib,mcc,0.000468016,30,5
lifelib,mcc,0.000607014,62,6
lifelib,mcc,0.000888109,126,7
lifelib,mcc,0.00153494,254,8
lifelib,mcc,0.00320506,510,9
lifelib,mcc,0.00754786,1022,10
lifelib,mcc,0.0151641,2046,11
lifelib,mcc,0.024085,4094,12
lifelib,mcc,0.026171,8190,13
lifelib,mcc,0.0272591,16382,14
lifelib,mcc,0.0282102,32766,15
lifelib,mcc,0.0293281,65534,16
lifelib,mcc,0.039,131070,17
lifelib,mcc,0.0646071,262142,18
lifelib,mcc,0.101592,524286,19
lifelib,mcc,0.121469,1048574,20
lifelib,mcc,0.138376,2097150,21
lifelib,mcc,0.158791,4194302,22
lifelib,mcc,0.1855,8388606,23
lifelib,mcc,0.225083,16777214,24
lifelib,mcc,0.277085,33554430,25
lifelib,mcc,0.344646,67108862,26
lifelib,mcc,0.492743,134217726,27
lifelib,mcc,0.631215,268435454,28
lifelib,mcc,0.898554,536870910,29
lifelib,mcc,1.35818,1073741822,30
lifelib,r4kx4k,0.0683501,2,2
lifelib,r4kx4k,0.185683,6,3
lifelib,r4kx4k,0.298632,14,4
lifelib,r4kx4k,0.386272,30,5
lifelib,r4kx4k,0.55629,62,6
lifelib,r4kx4k,1.14243,126,7
lifelib,r4kx4k,1.79175,254,8
lifelib,r4kx4k,3.86074,510,9
lifelib,r4kx4k,5.77479,1022,10
lifelib,r4kx4k,9.49642,2046,11
lifelib,r4kx4k,11.689,4094,12
lifelib,r4kx4k,14.8682,8190,13
lifelib,r4kx4k,14.9906,16382,14
lifelib,r4kx4k,14.991,32766,15
lifelib,r4kx4k,14.9912,65534,16
lifelib,r4kx4k,14.9913,131070,17
lifelib,r4kx4k,14.9914,262142,18
lifelib,r4kx4k,14.9915,524286,19
lifelib,r4kx4k,14.9916,1048574,20
lifelib,r4kx4k,14.9917,2097150,21
lifelib,r4kx4k,14.9918,4194302,22
lifelib,r4kx4k,14.9919,8388606,23
lifelib,r4kx4k,14.992,16777214,24
lifelib,r4kx4k,14.9921,33554430,25
lifelib,r4kx4k,14.9922,67108862,26
lifelib,r4kx4k,14.9923,134217726,27
lifelib,r4kx4k,14.9924,268435454,28
lifelib,r4kx4k,14.9924,536870910,29
lifelib,r4kx4k,14.9925,1073741822,30
lifelib,spiral,0.00391388,2,2
lifelib,spiral,0.00758195,6,3
lifelib,spiral,0.0119491,14,4
lifelib,spiral,0.017899,30,5
lifelib,spiral,0.0243061,62,6
lifelib,spiral,0.037683,126,7
lifelib,spiral,0.0713849,254,8
lifelib,spiral,0.126339,510,9
lifelib,spiral,0.259503,1022,10
lifelib,spiral,0.453407,2046,11
lifelib,spiral,0.877925,4094,12
lifelib,spiral,1.89797,8190,13
lifelib,spiral,3.45301,16382,14
lifelib,spiral,7.47588,32766,15
lifelib,spiral,13.9014,65534,16
lifelib,spiral,27.9733,131070,17
lifelib,spiral,59.6969,262142,18
lifelib,spiral,60.6847,524286,19
lifelib,spiral,62.7417,1048574,20
lifelib,spiral,66.8354,2097150,21
lifelib,spiral,75.5136,4194302,22
lifelib,spiral,89.5183,8388606,23
lifelib,spiral,102.167,16777214,24
lifelib,spiral,114.893,33554430,25
lifelib,spiral,124.938,67108862,26
lifelib,unlim,0.00011301,2,2
lifelib,unlim,0.000144005,6,3
lifelib,unlim,0.000172138,14,4
lifelib,unlim,0.000200033,30,5
lifelib,unlim,0.000243187,62,6
lifelib,unlim,0.000334024,126,7
lifelib,unlim,0.000571012,254,8
lifelib,unlim,0.00182104,510,9
lifelib,unlim,0.00570703,1022,10
lifelib,unlim,0.019305,2046,11
lifelib,unlim,0.032119,4094,12
lifelib,unlim,0.0762801,8190,13
lifelib,unlim,0.128033,16382,14
lifelib,unlim,0.297448,32766,15
lifelib,unlim,0.490559,65534,16
lifelib,unlim,1.14665,131070,17
lifelib,unlim,1.73495,262142,18
lifelib,unlim,3.30232,524286,19
lifelib,unlim,5.9049,1048574,20
lifelib,unlim,9.54572,2097150,21
lifelib,unlim,16.4853,4194302,22
lifelib,unlim,27.6426,8388606,23
lifelib,unlim,44.9673,16777214,24
lifelib,unlim,76.3861,33554430,25
lifelib,unlim,136.594,67108862,26
list16x16,QGC1,0.00128198,2,2
list16x16,QGC1,0.00328994,6,3
list16x16,QGC1,0.00724792,14,4
list16x16,QGC1,0.0151939,30,5
list16x16,QGC1,0.0316169,62,6
list16x16,QGC1,0.0643361,126,7
list16x16,QGC1,0.129772,254,8
list16x16,QGC1,0.256156,510,9
list16x16,QGC1,0.513284,1022,10
list16x16,QGC1,1.03668,2046,11
list16x16,QGC1,2.077,4094,12
list16x16,QGC1,4.09045,8190,13
list16x16,QGC1,8.22402,16382,14
list16x16,QGC1,16.5034,32766,15
list16x16,QGC1,32.9583,65534,16
list16x16,QGC1,65.8015,131070,17
list16x16,QGC1,131.2,262142,18
list16x16,bp4kx4k,0.00476789,2,2
list16x16,bp4kx4k,0.00890398,6,3
list16x16,bp4kx4k,0.0173349,14,4
list16x16,bp4kx4k,0.0335081,30,5
list16x16,bp4kx4k,0.0656509,62,6
list16x16,bp4kx4k,0.132157,126,7
list16x16,bp4kx4k,0.263032,254,8
list16x16,bp4kx4k,0.523876,510,9
list16x16,bp4kx4k,1.03714,1022,10
list16x16,bp4kx4k,2.07023,2046,11
list16x16,bp4kx4k,4.13049,4094,12
list16x16,bp4kx4k,8.25704,8190,13
list16x16,bp4kx4k,16.5474,16382,14
list16x16,bp4kx4k,33.1106,32766,15
list16x16,bp4kx4k,66.13,65534,16
list16x16,bp4kx4k,131.897,131070,17
list16x16,breeder,9.20296e-05,2,2
list16x16,breeder,0.000141144,6,3
list16x16,breeder,0.000216007,14,4
list16x16,breeder,0.000357151,30,5
list16x16,breeder,0.000627041,62,6
list16x16,breeder,0.00116587,126,7
list16x16,breeder,0.00225782,254,8
list16x16,breeder,0.00462794,510,9
list16x16,breeder,0.010679,1022,10
list16x16,breeder,0.0319731,2046,11
list16x16,breeder,0.133159,4094,12
list16x16,breeder,0.779536,8190,13
list16x16,breeder,5.47851,16382,14
list16x16,breeder,43.7343,32766,15
list16x16,breeder,342.994,65534,16
list16x16,caterpillar,0.0950482,2,2
list16x16,caterpillar,0.19556,6,3
list16x16,caterpillar,0.401658,14,4
list16x16,caterpillar,0.806591,30,5
list16x16,caterpillar,1.59466,62,6
list16x16,caterpillar,3.195,126,7
list16x16,caterpillar,6.45803,254,8
list16x16,caterpillar,13.0713,510,9
list16x16,caterpillar,25.8078,1022,10
list16x16,caterpillar,51.4267,2046,11
list16x16,caterpillar,103.67,4094,12
list16x16,caterpillar,207.335,8190,13
list16x16,jagged,6.50883e-05,2,2
list16x16,jagged,8.10623e-05,6,3
list16x16,jagged,9.70364e-05,14,4
list16x16,jagged,0.00012207,30,5
list16x16,jagged,0.000166893,62,6
list16x16,jagged,0.000260115,126,7
list16x16,jagged,0.00048399,254,8
list16x16,jagged,0.00109196,510,9
list16x16,jagged,0.003232,1022,10
list16x16,jagged,0.0104489,2046,11
list16x16,jagged,0.03689,4094,12
list16x16,jagged,0.131598,8190,13
list16x16,jagged,0.497193,16382,14
list16x16,jagged,1.94702,32766,15
list16x16,jagged,7.56211,65534,16
list16x16,jagged,29.624,131070,17
list16x16,jagged,117.472,262142,18
list16x16,jagged,467.664,524286,19
list16x16,lidka,5.6982e-05,2,2
list16x16,lidka,7.00951e-05,6,3
list16x16,lidka,7.89165e-05,14,4
list16x16,lidka,9.01222e-05,30,5
list16x16,lidka,0.000103951,62,6
list16x16,lidka,0.000132084,126,7
list16x16,lidka,0.000207901,254,8
list16x16,lidka,0.000406981,510,9
list16x16,lidka,0.000931978,1022,10
list16x16,lidka,0.00265503,2046,11
list16x16,lidka,0.0072751,4094,12
list16x16,lidka,0.0203609,8190,13
list16x16,lidka,0.0593121,16382,14
list16x16,lidka,0.155633,32766,15
list16x16,lidka,0.354408,65534,16
list16x16,lidka,0.747755,131070,17
list16x16,lidka,1.52848,262142,18
list16x16,lidka,3.09514,524286,19
list16x16,lidka,6.24494,1048574,20
list16x16,lidka,12.5492,2097150,21
list16x16,lidka,25.1042,4194302,22
list16x16,lidka,50.2489,8388606,23
list16x16,lidka,100.71,16777214,24
list16x16,lidka,203.543,33554430,25
list16x16,mcc,5.98431e-05,2,2
list16x16,mcc,7.48634e-05,6,3
list16x16,mcc,9.41753e-05,14,4
list16x16,mcc,0.000119209,30,5
list16x16,mcc,0.000159979,62,6
list16x16,mcc,0.000271082,126,7
list16x16,mcc,0.000562191,254,8
list16x16,mcc,0.00141287,510,9
list16x16,mcc,0.00399208,1022,10
list16x16,mcc,0.0116761,2046,11
list16x16,mcc,0.0420849,4094,12
list16x16,mcc,0.147363,8190,13
list16x16,mcc,0.509116,16382,14
list16x16,mcc,1.83113,32766,15
list16x16,mcc,6.87985,65534,16
list16x16,mcc,26.492,131070,17
list16x16,mcc,101.806,262142,18
list16x16,mcc,399.412,524286,19
list16x16,r4kx4k,0.00256205,2,2
list16x16,r4kx4k,0.00658512,6,3
list16x16,r4kx4k,0.014209,14,4
list16x16,r4kx4k,0.0294392,30,5
list16x16,r4kx4k,0.0606961,62,6
list16x16,r4kx4k,0.124431,126,7
list16x16,r4kx4k,0.254394,254,8
list16x16,r4kx4k,0.518164,510,9
list16x16,r4kx4k,1.06691,1022,10
list16x16,r4kx4k,2.19609,2046,11
list16x16,r4kx4k,4.51354,4094,12
list16x16,r4kx4k,9.15865,8190,13
list16x16,r4kx4k,18.4864,16382,14
list16x16,r4kx4k,37.1248,32766,15
list16x16,r4kx4k,74.3428,65534,16
list16x16,r4kx4k,148.833,131070,17
list16x16,spiral,0.000349998,2,2
list16x16,spiral,0.000864029,6,3
list16x16,spiral,0.00186801,14,4
list16x16,spiral,0.00384712,30,5
list16x16,spiral,0.00780296,62,6
list16x16,spiral,0.015692,126,7
list16x16,spiral,0.0314851,254,8
list16x16,spiral,0.0632391,510,9
list16x16,spiral,0.126615,1022,10
list16x16,spiral,0.253133,2046,11
list16x16,spiral,0.507956,4094,12
list16x16,spiral,1.02521,8190,13
list16x16,spiral,2.06882,16382,14
list16x16,spiral,4.15625,32766,15
list16x16,spiral,8.34706,65534,16
list16x16,spiral,16.7646,131070,17
list16x16,spiral,33.7703,262142,18
list16x16,spiral,67.8598,524286,19
list16x16,spiral,136.525,1048574,20
list16x16,unlim,6.07967e-05,2,2
list16x16,unlim,7.39098e-05,6,3
list16x16,unlim,8.4877e-05,14,4
list16x16,unlim,9.799e-05,30,5
list16x16,unlim,0.000116825,62,6
list16x16,unlim,0.000158787,126,7
list16x16,unlim,0.00027895,254,8
list16x16,unlim,0.000839949,510,9
list16x16,unlim,0.003263,1022,10
list16x16,unlim,0.0159929,2046,11
list16x16,unlim,0.078007,4094,12
list16x16,unlim,0.331035,8190,13
list16x16,unlim,1.35593,16382,14
list16x16,unlim,5.40415,32766,15
list16x16,unlim,21.6347,65534,16
list16x16,unlim,87.2567,131070,17
list16x16,unlim,352.678,262142,18
list3,bp4kx4k,0.202276,2,2
list3,bp4kx4k,0.6117,6,3
list3,bp4kx4k,1.37586,14,4
list3,bp4kx4k,2.92627,30,5
list3,bp4kx4k,6.01093,62,6
list3,bp4kx4k,12.3418,126,7
list3,bp4kx4k,25.0726,254,8
list3,bp4kx4k,50.4321,510,9
list3,bp4kx4k,99.9639,1022,10
list3,bp4kx4k,199.282,2046,11
list3,lidka,6.8903e-05,2,2
list3,lidka,8.79765e-05,6,3
list3,lidka,0.000118017,14,4
list3,lidka,0.000200033,30,5
list3,lidka,0.000384092,62,6
list3,lidka,0.00115299,126,7
list3,lidka,0.00350308,254,8
list3,lidka,0.0113239,510,9
list3,lidka,0.029634,1022,10
list3,lidka,0.0858941,2046,11
list3,lidka,0.210189,4094,12
list3,lidka,0.479222,8190,13
list3,lidka,1.19507,16382,14
list3,lidka,2.97372,32766,15
list3,lidka,6.12636,65534,16
list3,lidka,12.6033,131070,17
list3,lidka,25.0108,262142,18
list3,lidka,49.9702,524286,19
list3,lidka,99.7893,1048574,20
list3,lidka,199.402,2097150,21
list3,r4kx4k,0.665577,2,2
list3,r4kx4k,1.80988,6,3
list3,r4kx4k,3.68546,14,4
list3,r4kx4k,6.60242,30,5
list3,r4kx4k,11.0438,62,6
list3,r4kx4k,17.7874,126,7
list3,r4kx4k,27.9852,254,8
list3,r4kx4k,43.837,510,9
list3,r4kx4k,68.6244,1022,10
list3,r4kx4k,107.285,2046,11
list3,r4kx4k,170.856,4094,12
list8x8,QGC1,0.00172901,2,2
list8x8,QGC1,0.00496602,6,3
list8x8,QGC1,0.0114491,14,4
list8x8,QGC1,0.0253811,30,5
list8x8,QGC1,0.054251,62,6
list8x8,QGC1,0.106536,126,7
list8x8,QGC1,0.21066,254,8
list8x8,QGC1,0.421373,510,9
list8x8,QGC1,0.83777,1022,10
list8x8,QGC1,1.68229,2046,11
list8x8,QGC1,3.38288,4094,12
list8x8,QGC1,6.72433,8190,13
list8x8,QGC1,13.4887,16382,14
list8x8,QGC1,27.0277,32766,15
list8x8,QGC1,54.0496,65534,16
list8x8,QGC1,107.79,131070,17
list8x8,QGC1,215.733,262142,18
list8x8,bp4kx4k,0.00735497,2,2
list8x8,bp4kx4k,0.023386,6,3
list8x8,bp4kx4k,0.050705,14,4
list8x8,bp4kx4k,0.104021,30,5
list8x8,bp4kx4k,0.210958,62,6
list8x8,bp4kx4k,0.4258,126,7
list8x8,bp4kx4k,0.852313,254,8
list8x8,bp4kx4k,1.71593,510,9
list8x8,bp4kx4k,3.43517,1022,10
list8x8,bp4kx4k,6.89885,2046,11
list8x8,bp4kx4k,13.8584,4094,12
list8x8,bp4kx4k,27.8367,8190,13
list8x8,bp4kx4k,55.4497,16382,14
list8x8,bp4kx4k,110.789,32766,15
list8x8,bp4kx4k,221.537,65534,16
list8x8,breeder,0.000118971,2,2
list8x8,breeder,0.000219107,6,3
list8x8,breeder,0.000389099,14,4
list8x8,breeder,0.000781059,30,5
list8x8,breeder,0.00143814,62,6
list8x8,breeder,0.00273609,126,7
list8x8,breeder,0.00544214,254,8
list8x8,breeder,0.011471,510,9
list8x8,breeder,0.027004,1022,10
list8x8,breeder,0.0808411,2046,11
list8x8,breeder,0.349595,4094,12
list8x8,breeder,2.13403,8190,13
list8x8,breeder,15.5725,16382,14
list8x8,breeder,119.485,32766,15
list8x8,breeder,941.72,65534,16
list8x8,caterpillar,0.164719,2,2
list8x8,caterpillar,0.457076,6,3
list8x8,caterpillar,1.03477,14,4
list8x8,caterpillar,2.18141,30,5
list8x8,caterpillar,4.47183,62,6
list8x8,caterpillar,9.07287,126,7
list8x8,caterpillar,18.3202,254,8
list8x8,caterpillar,36.7087,510,9
list8x8,caterpillar,74.0105,1022,10
list8x8,caterpillar,148.317,2046,11
list8x8,jagged,6.69956e-05,2,2
list8x8,jagged,9.29832e-05,6,3
list8x8,jagged,0.000125885,14,4
list8x8,jagged,0.000184059,30,5
list8x8,jagged,0.000294924,62,6
list8x8,jagged,0.000526905,126,7
list8x8,jagged,0.00103688,254,8
list8x8,jagged,0.00225496,510,9
list8x8,jagged,0.00575495,1022,10
list8x8,jagged,0.0162499,2046,11
list8x8,jagged,0.052578,4094,12
list8x8,jagged,0.180472,8190,13
list8x8,jagged,0.660149,16382,14
list8x8,jagged,2.48371,32766,15
list8x8,jagged,9.56909,65534,16
list8x8,jagged,37.6553,131070,17
list8x8,jagged,147.673,262142,18
list8x8,lidka,7.60555e-05,2,2
list8x8,lidka,9.10759e-05,6,3
list8x8,lidka,0.000102997,14,4
list8x8,lidka,0.000117064,30,5
list8x8,lidka,0.000138044,62,6
list8x8,lidka,0.000211,126,7
list8x8,lidka,0.000426054,254,8
list8x8,lidka,0.00107694,510,9
list8x8,lidka,0.00274611,1022,10
list8x8,lidka,0.00846791,2046,11
list8x8,lidka,0.0225279,4094,12
list8x8,lidka,0.059262,8190,13
list8x8,lidka,0.167971,16382,14
list8x8,lidka,0.448561,32766,15
list8x8,lidka,1.02309,65534,16
list8x8,lidka,2.15284,131070,17
list8x8,lidka,4.42585,262142,18
list8x8,lidka,8.97552,524286,19
list8x8,lidka,18.0719,1048574,20
list8x8,lidka,36.3072,2097150,21
list8x8,lidka,72.9508,4194302,22
list8x8,lidka,146.014,8388606,23
list8x8,mcc,6.38962e-05,2,2
list8x8,mcc,7.89165e-05,6,3
list8x8,mcc,0.000102043,14,4
list8x8,mcc,0.000129938,30,5
list8x8,mcc,0.000215054,62,6
list8x8,mcc,0.000462055,126,7
list8x8,mcc,0.00125599,254,8
list8x8,mcc,0.00342798,510,9
list8x8,mcc,0.0104549,1022,10
list8x8,mcc,0.03351,2046,11
list8x8,mcc,0.114978,4094,12
list8x8,mcc,0.382067,8190,13
list8x8,mcc,1.25716,16382,14
list8x8,mcc,4.3579,32766,15
list8x8,mcc,15.6173,65534,16
list8x8,mcc,58.6012,131070,17
list8x8,mcc,224.434,262142,18
list8x8,r4kx4k,0.0087359,2,2
list8x8,r4kx4k,0.0219359,6,3
list8x8,r4kx4k,0.047966,14,4
list8x8,r4kx4k,0.102887,30,5
list8x8,r4kx4k,0.226405,62,6
list8x8,r4kx4k,0.498491,126,7
list8x8,r4kx4k,1.07261,254,8
list8x8,r4kx4k,2.26209,510,9
list8x8,r4kx4k,4.69955,1022,10
list8x8,r4kx4k,9.59601,2046,11
list8x8,r4kx4k,19.4392,4094,12
list8x8,r4kx4k,39.0025,8190,13
list8x8,r4kx4k,78.0108,16382,14
list8x8,r4kx4k,155.379,32766,15
list8x8,spiral,0.000568151,2,2
list8x8,spiral,0.00145793,6,3
list8x8,spiral,0.0031929,14,4
list8x8,spiral,0.00673103,30,5
list8x8,spiral,0.0136209,62,6
list8x8,spiral,0.0280321,126,7
list8x8,spiral,0.0560119,254,8
list8x8,spiral,0.111268,510,9
list8x8,spiral,0.22188,1022,10
list8x8,spiral,0.450157,2046,11
list8x8,spiral,0.893946,4094,12
list8x8,spiral,1.81245,8190,13
list8x8,spiral,3.65484,16382,14
list8x8,spiral,7.35328,32766,15
list8x8,spiral,14.8378,65534,16
list8x8,spiral,29.6085,131070,17
list8x8,spiral,58.8819,262142,18
list8x8,spiral,117.828,524286,19
list8x8,spiral,236.463,1048574,20
list8x8,unlim,6.50883e-05,2,2
list8x8,unlim,7.89165e-05,6,3
list8x8,unlim,9.29832e-05,14,4
list8x8,unlim,0.000109911,30,5
list8x8,unlim,0.000148058,62,6
list8x8,unlim,0.000231028,126,7
list8x8,unlim,0.000506878,254,8
list8x8,unlim,0.00208497,510,9
list8x8,unlim,0.00926995,1022,10
list8x8,unlim,0.0485399,2046,11
list8x8,unlim,0.22289,4094,12
list8x8,unlim,0.936108,8190,13
list8x8,unlim,3.72127,16382,14
list8x8,unlim,14.5256,32766,15
list8x8,unlim,57.3135,65534,16
list8x8,unlim,223.52,131070,17
lookup,bp4kx4k,0.139679,2,2
lookup,bp4kx4k,0.394093,6,3
lookup,bp4kx4k,0.903274,14,4
lookup,bp4kx4k,1.92505,30,5
lookup,bp4kx4k,3.99674,62,6
lookup,bp4kx4k,8.08651,126,7
lookup,bp4kx4k,16.2926,254,8
lookup,bp4kx4k,32.9978,510,9
lookup,bp4kx4k,66.0553,1022,10
lookup,bp4kx4k,131.504,2046,11
lookup,lidka,0.141742,2,2
lookup,lidka,0.400094,6,3
lookup,lidka,0.912531,14,4
lookup,lidka,1.95541,30,5
lookup,lidka,4.01896,62,6
lookup,lidka,8.16529,126,7
lookup,lidka,16.7028,254,8
lookup,lidka,33.5157,510,9
lookup,lidka,67.262,1022,10
lookup,lidka,134.064,2046,11
lookup,r4kx4k,0.133302,2,2
lookup,r4kx4k,0.384043,6,3
lookup,r4kx4k,0.882879,14,4
lookup,r4kx4k,1.88248,30,5
lookup,r4kx4k,3.8775,62,6
lookup,r4kx4k,7.88958,126,7
lookup,r4kx4k,15.9492,254,8
lookup,r4kx4k,32.0978,510,9
lookup,r4kx4k,64.5694,1022,10
lookup,r4kx4k,129.182,2046,11
lookup4,bp4kx4k,0.0116429,2,2
lookup4,bp4kx4k,0.0326469,6,3
lookup4,bp4kx4k,0.0748918,14,4
lookup4,bp4kx4k,0.157002,30,5
lookup4,bp4kx4k,0.322557,62,6
lookup4,bp4kx4k,0.653767,126,7
lookup4,bp4kx4k,1.32428,254,8
lookup4,bp4kx4k,2.65247,510,9
lookup4,bp4kx4k,5.35653,1022,10
lookup4,bp4kx4k,10.7056,2046,11
lookup4,bp4kx4k,21.497,4094,12
lookup4,bp4kx4k,43.063,8190,13
lookup4,bp4kx4k,85.9928,16382,14
lookup4,bp4kx4k,172.775,32766,15
lookup4,lidka,0.0116289,2,2
lookup4,lidka,0.032393,6,3
lookup4,lidka,0.0736649,14,4
lookup4,lidka,0.156431,30,5
lookup4,lidka,0.326771,62,6
lookup4,lidka,0.660072,126,7
lookup4,lidka,1.35499,254,8
lookup4,lidka,2.74077,510,9
lookup4,lidka,5.43846,1022,10
lookup4,lidka,10.8796,2046,11
lookup4,lidka,21.5318,4094,12
lookup4,lidka,43.1167,8190,13
lookup4,lidka,86.5726,16382,14
lookup4,lidka,173.405,32766,15
lookup4,r4kx4k,0.0122399,2,2
lookup4,r4kx4k,0.03406,6,3
lookup4,r4kx4k,0.0771689,14,4
lookup4,r4kx4k,0.162736,30,5
lookup4,r4kx4k,0.332323,62,6
lookup4,r4kx4k,0.670467,126,7
lookup4,r4kx4k,1.34477,254,8
lookup4,r4kx4k,2.68427,510,9
lookup4,r4kx4k,5.35925,1022,10
lookup4,r4kx4k,10.6833,2046,11
lookup4,r4kx4k,21.4069,4094,12
lookup4,r4kx4k,43.2268,8190,13
lookup4,r4kx4k,85.8266,16382,14
lookup4,r4kx4k,173.738,32766,15
nybble,bp4kx4k,0.0111609,2,2
nybble,bp4kx4k,0.0273509,6,3
nybble,bp4kx4k,0.0566268,14,4
nybble,bp4kx4k,0.113952,30,5
nybble,bp4kx4k,0.228655,62,6
nybble,bp4kx4k,0.457879,126,7
nybble,bp4kx4k,0.921779,254,8
nybble,bp4kx4k,1.8586,510,9
nybble,bp4kx4k,3.72272,1022,10
nybble,bp4kx4k,7.44332,2046,11
nybble,bp4kx4k,14.9903,4094,12
nybble,bp4kx4k,29.9998,8190,13
nybble,bp4kx4k,59.962,16382,14
nybble,bp4kx4k,119.995,32766,15
nybble,bp4kx4k,240.213,65534,16
nybble,lidka,0.0121419,2,2
nybble,lidka,0.027962,6,3
nybble,lidka,0.0599918,14,4
nybble,lidka,0.118659,30,5
nybble,lidka,0.235612,62,6
nybble,lidka,0.474411,126,7
nybble,lidka,0.974413,254,8
nybble,lidka,1.94139,510,9
nybble,lidka,3.94516,1022,10
nybble,lidka,7.8189,2046,11
nybble,lidka,15.4,4094,12
nybble,lidka,31.8532,8190,13
nybble,lidka,62.6178,16382,14
nybble,lidka,123.602,32766,15
nybble,r4kx4k,0.0115778,2,2
nybble,r4kx4k,0.026361,6,3
nybble,r4kx4k,0.0561979,14,4
nybble,r4kx4k,0.116957,30,5
nybble,r4kx4k,0.233719,62,6
nybble,r4kx4k,0.465317,126,7
nybble,r4kx4k,0.931975,254,8
nybble,r4kx4k,1.86706,510,9
nybble,r4kx4k,3.74692,1022,10
nybble,r4kx4k,7.51301,2046,11
nybble,r4kx4k,15.0523,4094,12
nybble,r4kx4k,30.018,8190,13
nybble,r4kx4k,60.1507,16382,14
nybble,r4kx4k,120.381,32766,15
qlife,QGC1,0.00340199,2,2
qlife,QGC1,0.00754309,6,3
qlife,QGC1,0.0152502,14,4
qlife,QGC1,0.027189,30,5
qlife,QGC1,0.0532231,62,6
qlife,QGC1,0.111836,126,7
qlife,QGC1,0.218997,254,8
qlife,QGC1,0.42497,510,9
qlife,QGC1,0.832715,1022,10
qlife,QGC1,1.67132,2046,11
qlife,QGC1,3.37348,4094,12
qlife,QGC1,6.8078,8190,13
qlife,QGC1,13.6779,16382,14
qlife,QGC1,28.0128,32766,15
qlife,QGC1,55.8342,65534,16
qlife,QGC1,112.341,131070,17
qlife,QGC1,224.925,262142,18
qlife,bp4kx4k,0.011179,2,2
qlife,bp4kx4k,0.037153,6,3
qlife,bp4kx4k,0.074796,14,4
qlife,bp4kx4k,0.148997,30,5
qlife,bp4kx4k,0.285493,62,6
qlife,bp4kx4k,0.578574,126,7
qlife,bp4kx4k,1.16812,254,8
qlife,bp4kx4k,2.35517,510,9
qlife,bp4kx4k,4.69006,1022,10
qlife,bp4kx4k,9.20473,2046,11
qlife,bp4kx4k,18.7411,4094,12
qlife,bp4kx4k,37.3994,8190,13
qlife,bp4kx4k,74.3917,16382,14
qlife,bp4kx4k,149.28,32766,15
qlife,breeder,0.000169992,2,2
qlife,breeder,0.000272989,6,3
qlife,breeder,0.000432014,14,4
qlife,breeder,0.000722885,30,5
qlife,breeder,0.00124002,62,6
qlife,breeder,0.00221515,126,7
qlife,breeder,0.0042181,254,8
qlife,breeder,0.0086391,510,9
qlife,breeder,0.0206769,1022,10
qlife,breeder,0.0630519,2046,11
qlife,breeder,0.297038,4094,12
qlife,breeder,1.99554,8190,13
qlife,breeder,16.8087,16382,14
qlife,breeder,170.113,32766,15
qlife,caterpillar,0.246566,2,2
qlife,caterpillar,0.517493,6,3
qlife,caterpillar,1.01594,14,4
qlife,caterpillar,2.02691,30,5
qlife,caterpillar,3.97301,62,6
qlife,caterpillar,8.73154,126,7
qlife,caterpillar,19.1983,254,8
qlife,caterpillar,42.6999,510,9
qlife,caterpillar,95.0105,1022,10
qlife,caterpillar,209.635,2046,11
qlife,jagged,6.91414e-05,2,2
qlife,jagged,9.5129e-05,6,3
qlife,jagged,0.000128984,14,4
qlife,jagged,0.000184059,30,5
qlife,jagged,0.000283003,62,6
qlife,jagged,0.000497103,126,7
qlife,jagged,0.00100112,254,8
qlife,jagged,0.00226212,510,9
qlife,jagged,0.00599408,1022,10
qlife,jagged,0.0183342,2046,11
qlife,jagged,0.062129,4094,12
qlife,jagged,0.231109,8190,13
qlife,jagged,0.961324,16382,14
qlife,jagged,4.1812,32766,15
qlife,jagged,17.68,65534,16
qlife,jagged,76.559,131070,17
qlife,jagged,518.386,262142,18
qlife,lidka,6.50883e-05,2,2
qlife,lidka,7.70092e-05,6,3
qlife,lidka,8.79765e-05,14,4
qlife,lidka,0.000100136,30,5
qlife,lidka,0.000118017,62,6
qlife,lidka,0.000164032,126,7
qlife,lidka,0.000285149,254,8
qlife,lidka,0.000710964,510,9
qlife,lidka,0.00143814,1022,10
qlife,lidka,0.0037601,2046,11
qlife,lidka,0.00813603,4094,12
qlife,lidka,0.017385,8190,13
qlife,lidka,0.0471921,16382,14
qlife,lidka,0.112738,32766,15
qlife,lidka,0.216216,65534,16
qlife,lidka,0.430363,131070,17
qlife,lidka,0.859481,262142,18
qlife,lidka,1.73172,524286,19
qlife,lidka,3.4736,1048574,20
qlife,lidka,7.03024,2097150,21
qlife,lidka,14.2356,4194302,22
qlife,lidka,29.0174,8388606,23
qlife,lidka,58.7645,16777214,24
qlife,lidka,119.717,33554430,25
qlife,lidka,239.838,67108862,26
qlife,mcc,6.29425e-05,2,2
qlife,mcc,8.01086e-05,6,3
qlife,mcc,9.799e-05,14,4
qlife,mcc,0.000128031,30,5
qlife,mcc,0.000194073,62,6
qlife,mcc,0.000441074,126,7
qlife,mcc,0.00105715,254,8
qlife,mcc,0.00240898,510,9
qlife,mcc,0.00596714,1022,10
qlife,mcc,0.01367,2046,11
qlife,mcc,0.0315139,4094,12
qlife,mcc,0.0773079,8190,13
qlife,mcc,0.216387,16382,14
qlife,mcc,0.701761,32766,15
qlife,mcc,2.7432,65534,16
qlife,mcc,10.7793,131070,17
qlife,mcc,38.2059,262142,18
qlife,mcc,156.917,524286,19
qlife,r4kx4k,0.0117099,2,2
qlife,r4kx4k,0.032038,6,3
qlife,r4kx4k,0.0695119,14,4
qlife,r4kx4k,0.14364,30,5
qlife,r4kx4k,0.282435,62,6
qlife,r4kx4k,0.53907,126,7
qlife,r4kx4k,0.970017,254,8
qlife,r4kx4k,1.71281,510,9
qlife,r4kx4k,2.68897,1022,10
qlife,r4kx4k,3.80373,2046,11
qlife,r4kx4k,4.79133,4094,12
qlife,r4kx4k,5.37756,8190,13
qlife,r4kx4k,5.69646,16382,14
qlife,r4kx4k,6.21387,32766,15
qlife,r4kx4k,7.25257,65534,16
qlife,r4kx4k,9.31959,131070,17
qlife,r4kx4k,13.4765,262142,18
qlife,r4kx4k,21.8165,524286,19
qlife,r4kx4k,38.6885,1048574,20
qlife,r4kx4k,72.3591,2097150,21
qlife,r4kx4k,140.768,4194302,22
qlife,spiral,0.000849009,2,2
qlife,spiral,0.00165701,6,3
qlife,spiral,0.003124,14,4
qlife,spiral,0.00592685,30,5
qlife,spiral,0.011471,62,6
qlife,spiral,0.02316,126,7
qlife,spiral,0.0463951,254,8
qlife,spiral,0.0932019,510,9
qlife,spiral,0.189397,1022,10
qlife,spiral,0.381127,2046,11
qlife,spiral,0.7665,4094,12
qlife,spiral,1.56783,8190,13
qlife,spiral,3.16269,16382,14
qlife,spiral,6.36372,32766,15
qlife,spiral,12.8035,65534,16
qlife,spiral,25.9319,131070,17
qlife,spiral,52.1567,262142,18
qlife,spiral,104.61,524286,19
qlife,spiral,210.654,1048574,20
qlife,unlim,5.91278e-05,2,2
qlife,unlim,7.39098e-05,6,3
qlife,unlim,8.79765e-05,14,4
qlife,unlim,0.000104904,30,5
qlife,unlim,0.000133038,62,6
qlife,unlim,0.000204086,126,7
qlife,unlim,0.000414133,254,8
qlife,unlim,0.00146699,510,9
qlife,unlim,0.00417304,1022,10
qlife,unlim,0.0146341,2046,11
qlife,unlim,0.041878,4094,12
qlife,unlim,0.143431,8190,13
qlife,unlim,0.451268,16382,14
qlife,unlim,1.57037,32766,15
qlife,unlim,5.85989,65534,16
qlife,unlim,22.8471,131070,17
qlife,unlim,96.8342,262142,18
qlife,unlim,588.509,524286,19
sse3,bp4kx4k,0.0022788,2,2
sse3,bp4kx4k,0.00470781,6,3
sse3,bp4kx4k,0.00952387,14,4
sse3,bp4kx4k,0.0205629,30,5
sse3,bp4kx4k,0.0393901,62,6
sse3,bp4kx4k,0.080009,126,7
sse3,bp4kx4k,0.156282,254,8
sse3,bp4kx4k,0.307297,510,9
sse3,bp4kx4k,0.618936,1022,10
sse3,bp4kx4k,1.23846,2046,11
sse3,bp4kx4k,2.45843,4094,12
sse3,bp4kx4k,4.93394,8190,13
sse3,bp4kx4k,9.88381,16382,14
sse3,bp4kx4k,19.7307,32766,15
sse3,bp4kx4k,39.4079,65534,16
sse3,bp4kx4k,78.8953,131070,17
sse3,bp4kx4k,157.357,262142,18
sse3,lidka,0.00240517,2,2
sse3,lidka,0.00487208,6,3
sse3,lidka,0.00972319,14,4
sse3,lidka,0.019187,30,5
sse3,lidka,0.0410159,62,6
sse3,lidka,0.0811641,126,7
sse3,lidka,0.156723,254,8
sse3,lidka,0.313544,510,9
sse3,lidka,0.643154,1022,10
sse3,lidka,1.30625,2046,11
sse3,lidka,2.57211,4094,12
sse3,lidka,5.10725,8190,13
sse3,lidka,10.42,16382,14
sse3,lidka,20.769,32766,15
sse3,lidka,41.1824,65534,16
sse3,lidka,81.5459,131070,17
sse3,lidka,162.054,262142,18
sse3,r4kx4k,0.00240898,2,2
sse3,r4kx4k,0.00480199,6,3
sse3,r4kx4k,0.00944901,14,4
sse3,r4kx4k,0.0188761,30,5
sse3,r4kx4k,0.040168,62,6
sse3,r4kx4k,0.0790122,126,7
sse3,r4kx4k,0.153482,254,8
sse3,r4kx4k,0.297273,510,9
sse3,r4kx4k,0.587781,1022,10
sse3,r4kx4k,1.19452,2046,11
sse3,r4kx4k,2.39225,4094,12
sse3,r4kx4k,4.73977,8190,13
sse3,r4kx4k,9.45643,16382,14
sse3,r4kx4k,19.0168,32766,15
sse3,r4kx4k,37.9513,65534,16
sse3,r4kx4k,76.716,131070,17
sse3,r4kx4k,152.942,262142,18
tree,QGC1,0.00394797,2,2
tree,QGC1,0.0106728,6,3
tree,QGC1,0.024662,14,4
tree,QGC1,0.056253,30,5
tree,QGC1,0.108155,62,6
tree,QGC1,0.214384,126,7
tree,QGC1,0.438702,254,8
tree,QGC1,0.900325,510,9
tree,QGC1,1.77542,1022,10
tree,QGC1,3.5184,2046,11
tree,QGC1,6.97921,4094,12
tree,QGC1,13.8894,8190,13
tree,QGC1,27.9468,16382,14
tree,QGC1,56.4649,32766,15
tree,QGC1,114.606,65534,16
tree,QGC1,231.231,131070,17
tree,bp4kx4k,0.0119011,2,2
tree,bp4kx4k,0.0322211,6,3
tree,bp4kx4k,0.0708899,14,4
tree,bp4kx4k,0.148851,30,5
tree,bp4kx4k,0.301393,62,6
tree,bp4kx4k,0.619075,126,7
tree,bp4kx4k,1.24651,254,8
tree,bp4kx4k,2.54975,510,9
tree,bp4kx4k,5.13381,1022,10
tree,bp4kx4k,10.4878,2046,11
tree,bp4kx4k,21.5296,4094,12
tree,bp4kx4k,43.8948,8190,13
tree,bp4kx4k,90.4756,16382,14
tree,bp4kx4k,184.728,32766,15
tree,breeder,0.000160933,2,2
tree,breeder,0.000309944,6,3
tree,breeder,0.000569105,14,4
tree,breeder,0.0010891,30,5
tree,breeder,0.00212097,62,6
tree,breeder,0.00425601,126,7
tree,breeder,0.00854897,254,8
tree,breeder,0.017961,510,9
tree,breeder,0.042208,1022,10
tree,breeder,0.128766,2046,11
tree,breeder,0.508959,4094,12
tree,breeder,3.027,8190,13
tree,breeder,23.1543,16382,14
tree,breeder,263.22,32766,15
tree,caterpillar,0.330714,2,2
tree,caterpillar,0.923797,6,3
tree,caterpillar,2.08559,14,4
tree,caterpillar,4.36691,30,5
tree,caterpillar,8.90442,62,6
tree,caterpillar,17.949,126,7
tree,caterpillar,36.1976,254,8
tree,caterpillar,72.9931,510,9
tree,caterpillar,147.303,1022,10
tree,jagged,6.79493e-05,2,2
tree,jagged,9.58443e-05,6,3
tree,jagged,0.000133991,14,4
tree,jagged,0.000207901,30,5
tree,jagged,0.000358105,62,6
tree,jagged,0.000716925,126,7
tree,jagged,0.001652,254,8
tree,jagged,0.00438309,510,9
tree,jagged,0.0139821,1022,10
tree,jagged,0.047858,2046,11
tree,jagged,0.182298,4094,12
tree,jagged,0.679706,8190,13
tree,jagged,2.62695,16382,14
tree,jagged,10.6646,32766,15
tree,jagged,41.8678,65534,16
tree,jagged,166.304,131070,17
tree,lidka,5.6982e-05,2,2
tree,lidka,7.08103e-05,6,3
tree,lidka,8.29697e-05,14,4
tree,lidka,9.98974e-05,30,5
tree,lidka,0.000130892,62,6
tree,lidka,0.000221968,126,7
tree,lidka,0.000508785,254,8
tree,lidka,0.00135279,510,9
tree,lidka,0.00377798,1022,10
tree,lidka,0.0120819,2046,11
tree,lidka,0.0356369,4094,12
tree,lidka,0.109512,8190,13
tree,lidka,0.328649,16382,14
tree,lidka,0.867888,32766,15
tree,lidka,2.01354,65534,16
tree,lidka,4.33917,131070,17
tree,lidka,9.10775,262142,18
tree,lidka,18.7533,524286,19
tree,lidka,38.2171,1048574,20
tree,lidka,77.9364,2097150,21
tree,lidka,158.321,4194302,22
tree,mcc,7.00951e-05,2,2
tree,mcc,0.000104189,6,3
tree,mcc,0.000152111,14,4
tree,mcc,0.000254154,30,5
tree,mcc,0.000460148,62,6
tree,mcc,0.000981092,126,7
tree,mcc,0.00239921,254,8
tree,mcc,0.00640893,510,9
tree,mcc,0.0193031,1022,10
tree,mcc,0.0576241,2046,11
tree,mcc,0.196574,4094,12
tree,mcc,0.679229,8190,13
tree,mcc,2.36253,16382,14
tree,mcc,8.82103,32766,15
tree,mcc,33.6446,65534,16
tree,mcc,130.305,131070,17
tree,r4kx4k,0.0110331,2,2
tree,r4kx4k,0.0290172,6,3
tree,r4kx4k,0.0648432,14,4
tree,r4kx4k,0.135401,30,5
tree,r4kx4k,0.288234,62,6
tree,r4kx4k,0.61297,126,7
tree,r4kx4k,1.26525,254,8
tree,r4kx4k,2.54883,510,9
tree,r4kx4k,5.29167,1022,10
tree,r4kx4k,10.9449,2046,11
tree,r4kx4k,23.3083,4094,12
tree,r4kx4k,48.0441,8190,13
tree,r4kx4k,99.1139,16382,14
tree,r4kx4k,207.724,32766,15
tree,spiral,0.00114703,2,2
tree,spiral,0.00324106,6,3
tree,spiral,0.00715113,14,4
tree,spiral,0.0142839,30,5
tree,spiral,0.0297549,62,6
tree,spiral,0.0577281,126,7
tree,spiral,0.114617,254,8
tree,spiral,0.224329,510,9
tree,spiral,0.438393,1022,10
tree,spiral,0.867316,2046,11
tree,spiral,1.72892,4094,12
tree,spiral,3.4988,8190,13
tree,spiral,7.03589,16382,14
tree,spiral,14.2906,32766,15
tree,spiral,29.1251,65534,16
tree,spiral,58.597,131070,17
tree,spiral,118.141,262142,18
tree,spiral,238.966,524286,19
tree,unlim,6.19888e-05,2,2
tree,unlim,7.79629e-05,6,3
tree,unlim,9.48906e-05,14,4
tree,unlim,0.000119925,30,5
tree,unlim,0.000182867,62,6
tree,unlim,0.00033617,126,7
tree,unlim,0.000789165,254,8
tree,unlim,0.00291896,510,9
tree,unlim,0.01261,1022,10
tree,unlim,0.0628271,2046,11
tree,unlim,0.305786,4094,12
tree,unlim,1.37423,8190,13
tree,unlim,5.99179,16382,14
tree,unlim,25.0245,32766,15
tree,unlim,103.567,65534,16
tree,unlim,557.311,131070,17
ulifelib,QGC1,0.002141,2,2
ulifelib,QGC1,0.00417519,6,3
ulifelib,QGC1,0.0103481,14,4
ulifelib,QGC1,0.018415,30,5
ulifelib,QGC1,0.0327282,62,6
ulifelib,QGC1,0.0659871,126,7
ulifelib,QGC1,0.131379,254,8
ulifelib,QGC1,0.25233,510,9
ulifelib,QGC1,0.487205,1022,10
ulifelib,QGC1,0.956766,2046,11
ulifelib,QGC1,1.93935,4094,12
ulifelib,QGC1,3.85859,8190,13
ulifelib,QGC1,7.67871,16382,14
ulifelib,QGC1,15.5687,32766,15
ulifelib,QGC1,31.3932,65534,16
ulifelib,QGC1,62.401,131070,17
ulifelib,QGC1,124.629,262142,18
ulifelib,bp4kx4k,0.00421906,2,2
ulifelib,bp4kx4k,0.0111589,6,3
ulifelib,bp4kx4k,0.0249538,14,4
ulifelib,bp4kx4k,0.0528779,30,5
ulifelib,bp4kx4k,0.115538,62,6
ulifelib,bp4kx4k,0.257427,126,7
ulifelib,bp4kx4k,0.636138,254,8
ulifelib,bp4kx4k,1.5133,510,9
ulifelib,bp4kx4k,3.27266,1022,10
ulifelib,bp4kx4k,6.84179,2046,11
ulifelib,bp4kx4k,13.9667,4094,12
ulifelib,bp4kx4k,28.292,8190,13
ulifelib,bp4kx4k,57.0597,16382,14
ulifelib,bp4kx4k,114.808,32766,15
ulifelib,bp4kx4k,230.545,65534,16
ulifelib,breeder,0.00011611,2,2
ulifelib,breeder,0.000163078,6,3
ulifelib,breeder,0.000230074,14,4
ulifelib,breeder,0.000372171,30,5
ulifelib,breeder,0.000673056,62,6
ulifelib,breeder,0.00113916,126,7
ulifelib,breeder,0.00209022,254,8
ulifelib,breeder,0.00424123,510,9
ulifelib,breeder,0.0101621,1022,10
ulifelib,breeder,0.0329421,2046,11
ulifelib,breeder,0.154404,4094,12
ulifelib,breeder,0.983542,8190,13
ulifelib,breeder,11.3152,16382,14
ulifelib,breeder,141.14,32766,15
ulifelib,caterpillar,0.228146,2,2
ulifelib,caterpillar,0.426673,6,3
ulifelib,caterpillar,0.785651,14,4
ulifelib,caterpillar,1.46643,30,5
ulifelib,caterpillar,2.76802,62,6
ulifelib,caterpillar,5.31376,126,7
ulifelib,caterpillar,10.5755,254,8
ulifelib,caterpillar,20.8895,510,9
ulifelib,caterpillar,41.0805,1022,10
ulifelib,caterpillar,81.4138,2046,11
ulifelib,caterpillar,161.647,4094,12
ulifelib,jagged,8.2016e-05,2,2
ulifelib,jagged,9.89437e-05,6,3
ulifelib,jagged,0.00011611,14,4
ulifelib,jagged,0.000142097,30,5
ulifelib,jagged,0.00019002,62,6
ulifelib,jagged,0.000299931,126,7
ulifelib,jagged,0.000563145,254,8
ulifelib,jagged,0.001302,510,9
ulifelib,jagged,0.00375915,1022,10
ulifelib,jagged,0.012459,2046,11
ulifelib,jagged,0.048178,4094,12
ulifelib,jagged,0.181824,8190,13
ulifelib,jagged,0.755764,16382,14
ulifelib,jagged,3.1943,32766,15
ulifelib,jagged,13.7662,65534,16
ulifelib,jagged,79.6101,131070,17
ulifelib,jagged,491.094,262142,18
ulifelib,lidka,7.20024e-05,2,2
ulifelib,lidka,8.4877e-05,6,3
ulifelib,lidka,9.48906e-05,14,4
ulifelib,lidka,0.000104904,30,5
ulifelib,lidka,0.000116825,62,6
ulifelib,lidka,0.000143051,126,7
ulifelib,lidka,0.000206947,254,8
ulifelib,lidka,0.000388145,510,9
ulifelib,lidka,0.000723124,1022,10
ulifelib,lidka,0.00200701,2046,11
ulifelib,lidka,0.004426,4094,12
ulifelib,lidka,0.00929713,8190,13
ulifelib,lidka,0.0238581,16382,14
ulifelib,lidka,0.057219,32766,15
ulifelib,lidka,0.112444,65534,16
ulifelib,lidka,0.226774,131070,17
ulifelib,lidka,0.463286,262142,18
ulifelib,lidka,0.933143,524286,19
ulifelib,lidka,1.86043,1048574,20
ulifelib,lidka,3.72928,2097150,21
ulifelib,lidka,7.49784,4194302,22
ulifelib,lidka,15.0085,8388606,23
ulifelib,lidka,30.0926,16777214,24
ulifelib,lidka,60.1937,33554430,25
ulifelib,lidka,121.024,67108862,26
ulifelib,mcc,7.00951e-05,2,2
ulifelib,mcc,8.41618e-05,6,3
ulifelib,mcc,9.799e-05,14,4
ulifelib,mcc,0.000118971,30,5
ulifelib,mcc,0.000153065,62,6
ulifelib,mcc,0.000255108,126,7
ulifelib,mcc,0.000506163,254,8
ulifelib,mcc,0.00128198,510,9
ulifelib,mcc,0.00301099,1022,10
ulifelib,mcc,0.00676703,2046,11
ulifelib,mcc,0.015815,4094,12
ulifelib,mcc,0.040549,8190,13
ulifelib,mcc,0.121131,16382,14
ulifelib,mcc,0.394904,32766,15
ulifelib,mcc,1.4781,65534,16
ulifelib,mcc,5.8218,131070,17
ulifelib,mcc,21.5863,262142,18
ulifelib,mcc,88.5959,524286,19
ulifelib,mcc,429.897,1048574,20
ulifelib,r4kx4k,0.00382185,2,2
ulifelib,r4kx4k,0.010097,6,3
ulifelib,r4kx4k,0.021863,14,4
ulifelib,r4kx4k,0.047235,30,5
ulifelib,r4kx4k,0.119858,62,6
ulifelib,r4kx4k,0.288298,126,7
ulifelib,r4kx4k,0.641057,254,8
ulifelib,r4kx4k,1.21289,510,9
ulifelib,r4kx4k,1.88355,1022,10
ulifelib,r4kx4k,2.49055,2046,11
ulifelib,r4kx4k,2.9741,4094,12
ulifelib,r4kx4k,3.25234,8190,13
ulifelib,r4kx4k,3.42946,16382,14
ulifelib,r4kx4k,3.72198,32766,15
ulifelib,r4kx4k,4.32338,65534,16
ulifelib,r4kx4k,5.52698,131070,17
ulifelib,r4kx4k,7.97446,262142,18
ulifelib,r4kx4k,12.865,524286,19
ulifelib,r4kx4k,22.6396,1048574,20
ulifelib,r4kx4k,42.4725,2097150,21
ulifelib,r4kx4k,82.8886,4194302,22
ulifelib,r4kx4k,170.569,8388606,23
ulifelib,spiral,0.000488043,2,2
ulifelib,spiral,0.000976086,6,3
ulifelib,spiral,0.00188303,14,4
ulifelib,spiral,0.00362301,30,5
ulifelib,spiral,0.00733113,62,6
ulifelib,spiral,0.0150461,126,7
ulifelib,spiral,0.0311632,254,8
ulifelib,spiral,0.0597951,510,9
ulifelib,spiral,0.116114,1022,10
ulifelib,spiral,0.226774,2046,11
ulifelib,spiral,0.450742,4094,12
ulifelib,spiral,0.917551,8190,13
ulifelib,spiral,1.84088,16382,14
ulifelib,spiral,3.71341,32766,15
ulifelib,spiral,7.45834,65534,16
ulifelib,spiral,14.9051,131070,17
ulifelib,spiral,29.7593,262142,18
ulifelib,spiral,60.2142,524286,19
ulifelib,spiral,121.774,1048574,20
ulifelib,unlim,7.29561e-05,2,2
ulifelib,unlim,0.000102997,6,3
ulifelib,unlim,0.00011611,14,4
ulifelib,unlim,0.00013113,30,5
ulifelib,unlim,0.000157118,62,6
ulifelib,unlim,0.000216007,126,7
ulifelib,unlim,0.000351191,254,8
ulifelib,unlim,0.000952959,510,9
ulifelib,unlim,0.0023911,1022,10
ulifelib,unlim,0.00801301,2046,11
ulifelib,unlim,0.0233202,4094,12
ulifelib,unlim,0.0788031,8190,13
ulifelib,unlim,0.249341,16382,14
ulifelib,unlim,0.866882,32766,15
ulifelib,unlim,3.26192,65534,16
ulifelib,unlim,13.0661,131070,17
ulifelib,unlim,52.0022,262142,18
ulifelib,unlim,271.695,524286,19
